-- phpMyAdmin SQL Dump
-- version 5.2.1
-- https://www.phpmyadmin.net/
--
-- Host: 127.0.0.1
-- Waktu pembuatan: 14 Okt 2023 pada 21.04
-- Versi server: 10.4.28-MariaDB
-- Versi PHP: 8.2.4

SET SQL_MODE = "NO_AUTO_VALUE_ON_ZERO";
START TRANSACTION;
SET time_zone = "+00:00";


/*!40101 SET @OLD_CHARACTER_SET_CLIENT=@@CHARACTER_SET_CLIENT */;
/*!40101 SET @OLD_CHARACTER_SET_RESULTS=@@CHARACTER_SET_RESULTS */;
/*!40101 SET @OLD_COLLATION_CONNECTION=@@COLLATION_CONNECTION */;
/*!40101 SET NAMES utf8mb4 */;

--
-- Database: `dbMSIB5`
--

-- --------------------------------------------------------

--
-- Struktur dari tabel `jenis_produk`
--

CREATE TABLE `jenis_produk` (
  `id` int(11) NOT NULL,
  `nama` varchar(45) DEFAULT NULL
) ENGINE=InnoDB DEFAULT CHARSET=utf8mb4 COLLATE=utf8mb4_general_ci;

--
-- Dumping data untuk tabel `jenis_produk`
--

INSERT INTO `jenis_produk` (`id`, `nama`) VALUES
(1, 'Elektronik'),
(2, 'Furniture'),
(3, 'Makanan'),
(4, 'Minuman'),
(5, 'Komputer');

-- --------------------------------------------------------

--
-- Struktur dari tabel `kartu`
--

CREATE TABLE `kartu` (
  `id` int(11) NOT NULL,
  `kode` varchar(6) DEFAULT NULL,
  `nama` varchar(30) NOT NULL,
  `diskon` double DEFAULT NULL,
  `iuran` double DEFAULT NULL
) ENGINE=InnoDB DEFAULT CHARSET=utf8mb4 COLLATE=utf8mb4_general_ci;

--
-- Dumping data untuk tabel `kartu`
--

INSERT INTO `kartu` (`id`, `kode`, `nama`, `diskon`, `iuran`) VALUES
(1, 'Gold', 'Gold Utama', 0.05, 100000),
(2, 'PLAT', 'Platinum Jaya', 0.1, 150000),
(3, 'SLV', 'Silver', 0.025, 50000),
(4, 'No', 'Non Member', 0, 0);

-- --------------------------------------------------------

--
-- Struktur dari tabel `pelanggan`
--

CREATE TABLE `pelanggan` (
  `id` int(11) NOT NULL,
  `kode` varchar(10) DEFAULT NULL,
  `nama` varchar(45) DEFAULT NULL,
  `jk` char(1) DEFAULT NULL,
  `tmp_lahir` varchar(30) DEFAULT NULL,
  `tgl_lahir` date DEFAULT NULL,
  `email` varchar(45) DEFAULT NULL,
  `kartu_id` int(11) NOT NULL
) ENGINE=InnoDB DEFAULT CHARSET=utf8mb4 COLLATE=utf8mb4_general_ci;

--
-- Dumping data untuk tabel `pelanggan`
--

INSERT INTO `pelanggan` (`id`, `kode`, `nama`, `jk`, `tmp_lahir`, `tgl_lahir`, `email`, `kartu_id`) VALUES
('1', 'A100', 'Gita', 'P', 'Tangsel', '2002-09-08', 'rzkanggita@gmail.com', '2'),
('2', 'A200', 'Rara', 'P', 'Tangsel', '2002-02-08', 'rayhanatz9@gmail.com', '3'),
('3', 'A300', 'Dimas', 'L', 'Depok', '2000-06-05', 'dimjay0606@gmail.com', '2'),
('4', 'A400', 'Rifky', 'L', 'Tangsel', '2005-11-04', 'rfkramadhan01@gmail.com', '3'),
('5', 'A500', 'Eta', 'P', 'Tangsel', '2002-10-30', 'floreta@gmail.com', '4');

-- --------------------------------------------------------

--
-- Struktur dari tabel `pembayaran`
--

CREATE TABLE `pembayaran` (
  `id` int(11) NOT NULL,
  `nokuitansi` varchar(10) DEFAULT NULL,
  `tanggal` date DEFAULT NULL,
  `jumlah` double DEFAULT NULL,
  `ke` int(11) DEFAULT NULL,
  `pesanan_id` int(11) NOT NULL
) ENGINE=InnoDB DEFAULT CHARSET=utf8mb4 COLLATE=utf8mb4_general_ci;

-- --------------------------------------------------------

--
-- Struktur dari tabel `pembelian`
--

CREATE TABLE `pembelian` (
  `id` int(11) NOT NULL,
  `tanggal` varchar(45) NOT NULL,
  `nomor` varchar(10) NOT NULL,
  `produk_id` int(11) NOT NULL,
  `jumlah` int(11) NOT NULL,
  `harga` double DEFAULT NULL,
  `vendor_id` int(11) NOT NULL
) ENGINE=InnoDB DEFAULT CHARSET=utf8mb4 COLLATE=utf8mb4_general_ci;

-- --------------------------------------------------------

--
-- Struktur dari tabel `pesanan`
--

CREATE TABLE `pesanan` (
  `id` int(11) NOT NULL,
  `tanggal` date DEFAULT NULL,
  `total` double DEFAULT NULL,
  `pelanggan_id` int(11) NOT NULL
) ENGINE=InnoDB DEFAULT CHARSET=utf8mb4 COLLATE=utf8mb4_general_ci;

-- --------------------------------------------------------

--
-- Struktur dari tabel `pesanan_items`
--

CREATE TABLE `pesanan_items` (
  `id` int(11) NOT NULL,
  `produk_id` int(11) NOT NULL,
  `pesanan_id` int(11) NOT NULL,
  `qty` int(11) DEFAULT NULL,
  `harga` double DEFAULT NULL
) ENGINE=InnoDB DEFAULT CHARSET=utf8mb4 COLLATE=utf8mb4_general_ci;

-- --------------------------------------------------------

--
-- Struktur dari tabel `produk`
--

CREATE TABLE `produk` (
  `id` int(11) NOT NULL,
  `kode` varchar(10) DEFAULT NULL,
  `nama` varchar(45) DEFAULT NULL,
  `harga_beli` double DEFAULT NULL,
  `harga_jual` double DEFAULT NULL,
  `stok` int(11) DEFAULT NULL,
  `min_stok` int(11) DEFAULT NULL,
  `jenis_produk_id` int(11) NOT NULL
) ENGINE=InnoDB DEFAULT CHARSET=utf8mb4 COLLATE=utf8mb4_general_ci;

--
-- Dumping data untuk tabel `produk`
--

INSERT INTO `produk` (`id`, `kode`, `nama`, `harga_beli`, `harga_jual`, `stok`, `min_stok`, `jenis_produk_id`) VALUES
('1', 'tv001', 'TV', '2500000', '1500000', '5', '2', '1'),
('2', 'ac002', 'AC', '3000000', '2000000', '15', '2', '2'),
('3', 'RD003', 'Radio', '1500000', '800000', '7', '2', '3'),
('4', 'kps004', 'Kipas', '300000', '150000', '10', '2', '4'),
('5', 'hp005', 'HP', '6000000', '3500000', '5', '2', '5');

-- --------------------------------------------------------

--
-- Struktur dari tabel `vendor`
--

CREATE TABLE `vendor` (
  `id` int(11) NOT NULL,
  `nomor` varchar(4) NOT NULL,
  `nama` varchar(40) NOT NULL,
  `Kota` varchar(30) NOT NULL,
  `kontak` varchar(30) NOT NULL
) ENGINE=InnoDB DEFAULT CHARSET=utf8mb4 COLLATE=utf8mb4_general_ci;

--
-- Indexes for dumped tables
--

--
-- Indeks untuk tabel `jenis_produk`
--
ALTER TABLE `jenis_produk`
  ADD PRIMARY KEY (`id`);

--
-- Indeks untuk tabel `kartu`
--
ALTER TABLE `kartu`
  ADD PRIMARY KEY (`id`),
  ADD UNIQUE KEY `kode` (`kode`);

--
-- Indeks untuk tabel `pelanggan`
--
ALTER TABLE `pelanggan`
  ADD PRIMARY KEY (`id`),
  ADD UNIQUE KEY `kode` (`kode`);

--
-- Indeks untuk tabel `pembayaran`
--
ALTER TABLE `pembayaran`
  ADD PRIMARY KEY (`id`),
  ADD UNIQUE KEY `nokuitansi` (`nokuitansi`);

--
-- Indeks untuk tabel `pembelian`
--
ALTER TABLE `pembelian`
  ADD PRIMARY KEY (`id`),
  ADD UNIQUE KEY `tanggal` (`tanggal`);

--
-- Indeks untuk tabel `pesanan`
--
ALTER TABLE `pesanan`
  ADD PRIMARY KEY (`id`);

--
-- Indeks untuk tabel `pesanan_items`
--
ALTER TABLE `pesanan_items`
  ADD PRIMARY KEY (`id`);

--
-- Indeks untuk tabel `produk`
--
ALTER TABLE `produk`
  ADD PRIMARY KEY (`id`);

--
-- Indeks untuk tabel `vendor`
--
ALTER TABLE `vendor`
  ADD PRIMARY KEY (`id`),
  ADD UNIQUE KEY `nama` (`nama`);

--
-- AUTO_INCREMENT untuk tabel yang dibuang
--

--
-- AUTO_INCREMENT untuk tabel `jenis_produk`
--
ALTER TABLE `jenis_produk`
  MODIFY `id` int(11) NOT NULL AUTO_INCREMENT, AUTO_INCREMENT=6;

--
-- AUTO_INCREMENT untuk tabel `kartu`
--
ALTER TABLE `kartu`
  MODIFY `id` int(11) NOT NULL AUTO_INCREMENT, AUTO_INCREMENT=5;

--
-- AUTO_INCREMENT untuk tabel `pelanggan`
--
ALTER TABLE `pelanggan`
  MODIFY `id` int(11) NOT NULL AUTO_INCREMENT, AUTO_INCREMENT=11;

--
-- AUTO_INCREMENT untuk tabel `pembayaran`
--
ALTER TABLE `pembayaran`
  MODIFY `id` int(11) NOT NULL AUTO_INCREMENT;

--
-- AUTO_INCREMENT untuk tabel `pembelian`
--
ALTER TABLE `pembelian`
  MODIFY `id` int(11) NOT NULL AUTO_INCREMENT;

--
-- AUTO_INCREMENT untuk tabel `pesanan`
--
ALTER TABLE `pesanan`
  MODIFY `id` int(11) NOT NULL AUTO_INCREMENT;

--
-- AUTO_INCREMENT untuk tabel `pesanan_items`
--
ALTER TABLE `pesanan_items`
  MODIFY `id` int(11) NOT NULL AUTO_INCREMENT;

--
-- AUTO_INCREMENT untuk tabel `produk`
--
ALTER TABLE `produk`
  MODIFY `id` int(11) NOT NULL AUTO_INCREMENT, AUTO_INCREMENT=11;

--
-- AUTO_INCREMENT untuk tabel `vendor`
--
ALTER TABLE `vendor`
  MODIFY `id` int(11) NOT NULL AUTO_INCREMENT;
COMMIT;

/*!40101 SET CHARACTER_SET_CLIENT=@OLD_CHARACTER_SET_CLIENT */;
/*!40101 SET CHARACTER_SET_RESULTS=@OLD_CHARACTER_SET_RESULTS */;
/*!40101 SET COLLATION_CONNECTION=@OLD_COLLATION_CONNECTION */;